"time","counter"
0.0000000000000000E+00,1
1.0000000000000000E+00,1
2.0000000000000000E+00,1
3.0000000000000000E+00,1
4.0000000000000000E+00,1
5.0000000000000000E+00,1
6.0000000000000000E+00,1
7.0000000000000000E+00,1
8.0000000000000000E+00,1
9.0000000000000000E+00,1
1.0000000000000000E+01,1
1.1000000000000000E+01,1
1.2000000000000000E+01,1
1.3000000000000000E+01,1
1.4000000000000000E+01,1
