"time","counter"
0.0000000000000000E+000,1
1.0000000000000000E+000,2
2.0000000000000000E+000,3
3.0000000000000000E+000,4
4.0000000000000000E+000,5
5.0000000000000000E+000,6
6.0000000000000000E+000,7
7.0000000000000000E+000,8
8.0000000000000000E+000,9
9.0000000000000000E+000,10
1.0000000000000000E+001,11
1.1000000000000000E+001,12
1.2000000000000000E+001,13
