"time","counter"
0.0000000000000000E+00,1
1.0000000000000000E+00,2
2.0000000000000000E+00,3
3.0000000000000000E+00,4
4.0000000000000000E+00,5
5.0000000000000000E+00,6
6.0000000000000000E+00,7
7.0000000000000000E+00,8
8.0000000000000000E+00,9
9.0000000000000000E+00,10
1.0000000000000000E+01,11
1.1000000000000000E+01,12
1.2000000000000000E+01,13
